Model,ArguAnaTR,CQADupstackGamingRetrievalTR,FiQA2018TR,MSMarcoTRRetrieval,MnliTr,NFCorpusTR,QuoraRetrievalTR,SCIDOCSTR,STSbTR,SciFactTR,SnliTr,SquadTRRetrieval,THYSentimentClassification,TQuadRetrieval,TSTimelineNewsCategoryClassification,Turkish75NewsClassification,TurkishAbstractCorpusClustering,TurkishColumnWritingClustering,TurkishIronyClassification,TurkishMovieSentimentClassification,TurkishNewsCategoryClassification,TurkishOffensiveLanguageClassification,TurkishProductSentimentClassification,WMT16BitextMining,XNLI,XQuADRetrieval
multilingual-e5-large,47.339,61.119,44.602000000000004,58.103,65.27890000000001,8.023,95.883,3.1350000000000002,81.1764,83.102,55.842800000000004,80.12599999999999,64.1695,88.61,64.86760000000001,93.3333,59.8759,60.9611,55.50000000000001,80.6396,92.0,61.3997,62.287499999999994,99.4278,73.9089,96.72500000000001
gte-multilingual-base,47.721000000000004,56.264,40.568,56.842999999999996,65.38109999999999,7.786999999999999,95.13000000000001,3.93,80.6792,81.57600000000001,60.2583,68.637,59.369099999999996,81.911,64.2598,84.0,59.0113,61.77550000000001,52.916700000000006,70.7764,90.2,58.69990000000001,62.0625,97.9833,76.59315,92.28699999999999
multilingual-e5-base,44.802,56.045,37.936,57.14399999999999,62.46505,8.326,95.234,3.069,78.3741,79.753,53.9763,76.903,62.6288,86.917,62.651999999999994,84.0,58.5349,61.960499999999996,54.50000000000001,72.6025,90.8,57.80650000000001,60.612500000000004,98.5056,70.1503,95.11
multilingual-e5-small,42.728,53.293,32.574999999999996,56.455999999999996,61.744200000000006,7.897,94.194,2.093,76.1816,75.522,55.0613,73.92699999999999,55.8755,88.825,60.3039,82.0,56.6449,61.62649999999999,51.6667,67.7686,90.36,59.126599999999996,58.025000000000006,97.4556,70.204,94.328
fasttext,11.569,23.733,11.551,31.59,52.23279999999999,2.862,75.66000000000001,0.634,50.077000000000005,41.996,46.0432,44.393,56.1137,65.55199999999999,46.1569,86.66669999999999,50.91,68.5763,52.5833,64.917,86.32,58.1963,55.825,4.5225,59.8228,71.799
glove,8.376999999999999,16.427,9.55,20.474,46.89985,1.1360000000000001,56.742000000000004,0.909,44.1171,31.785000000000004,45.7362,27.038,54.581500000000005,42.55,51.0735,78.6667,51.8354,64.98859999999999,52.5,63.6475,87.32,57.4139,55.15,0.2195,55.790150000000004,50.599000000000004
multilingual-e5-large-instruct,,,,,,,,,,,,,,,,,,,,,,,,98.9907,,
